SecSt,ASA_pct,delta_MW,delta_Chg,delta_ARM,delta_Hydro,delta_VdwV,delta_SASA,ddG_calc,ddG_obs
2,32.27,14,0,0,0.118,19,20,0.735,3
2,68.05,-2,0,0,-0.114,-15,-12,0.612,5.05
2,38.92,-1,1,0,0.208,5,6,-0.835,1.141666667
4,101.35,-28,-1,0,0.251,-34,-52,-0.491,-0.263333333
2,37.46,-16,0,0,0.257,-6,-13,1.612,1.155
3,9.53,42,0,0,0.324,57,107,7.899,2.4
1,66.87,15,-1,0,-0.193,13,25,-0.135,-0.5
3,29.13,-28,0,0,0.283,-13,-29,3.08,4.13
1,30.57,-58,1,0,0.573,-42,-71,-0.637,-0.01
3,47.44,-30,0,0,0.166,-26,-35,1.452,0
2,60.57,-42,0,0,-0.327,-57,-70,0.77,0
3,65.72,14,0,0,0.015,18,32,0.038,0
1,6.55,-16,0,0,0.12,-6,-12,0.326,-3.1
1,63.48,-58,1,0,0.573,-42,-71,-0.383,-0.15
1,10.91,-76,0,-1,-0.384,-68,-108,3.738,3
2,48.71,1,-2,0,-0.24,-26,-29,0.113,2.278
3,15.76,30,0,0,-0.142,25,70,1.801,2.2
1,66.98,-16,0,0,0.257,-6,-13,-0.285,-0.41
3,0,-56,0,0,-0.442,-76,-127,3.083,5.4
3,7.53,-23,-0.5,-0.5,0.071,-22,-38,5.012,5
1,48.08,-1,1,0,0.208,5,6,-0.245,0
4,54.49,-58,1,0,0.573,-42,-71,1.494,0.32
1,43.53,-56,0,0,-0.442,-76,-127,4.832,1.38
1,83.76,57,1,0,-0.333,68,100,-0.187,0.2
2,44.83,-18,0,0,0.205,0,-20,-1.308,-1.6
3,28.67,-30,0,0,0.142,-25,-70,0.457,0.08
1,44.19,16,0,0,-0.257,6,13,0.043,0.47
1,14.4,-34,0,-1,-0.057,-11,-38,2.657,4.6
2,22.42,16,0,0,-0.12,6,12,-0.083,-0.22
2,0,-32,0.5,0,-0.064,-19,-37,-1.73,0.5
4,0.29,-30,0,0,0.166,-26,-35,0.112,1.3
2,0.45,-14,0,0,-0.115,-19,-57,0.186,1.5
1,10.7,-12,0,0,-0.493,-31,-38,2.649,2.3
2,0,-34,0,-1,-0.057,-11,-38,3.331,3.21
1,44.53,1,-2,0,-0.24,-26,-29,0.636,-2
4,15.92,-43,0,0,0.38,-29,-46,2.446,2.7
3,26.79,-16,1,0,0.9,15,-1,-0.864,-1.775
3,89.17,-85,-1,0,0.616,-81,-129,0.51,0.3
4,15.92,1,-1,0,-0.208,-5,-7,3.514,-0.5
2,8.61,-44,1,0,0.588,-24,-39,-3.052,-2.75
3,84.16,-16,0,0,-0.232,-34,-32,-0.185,1.5
3,65.72,-1,1,0,0.208,5,7,-0.556,-0.04
4,62.31,-28,-1,0,0.251,-34,-52,-1.6,0.15
2,0.39,14,0,0,0.118,19,23,2.369,1.2
1,83.76,57,0,0,-0.365,47,77,-0.11,0.5
3,46.71,-28,0,0,-0.209,-38,-50,2.076,1.3
2,5.53,2,0,0,-0.375,-12,-15,1.908,5.3
1,0.25,-18,0,0,0.205,0,-20,3.164,1.89
3,80.36,-57,-1,0,0.333,-68,-100,0.611,-0.1
4,47.27,-16,0,0,0.257,-6,-13,0.607,2.8
2,2.76,-16,0,0,0.12,-6,-12,0.874,2.07
3,54.51,14,0,0,0.115,19,57,18.485,0.2
2,41.9,-58,1,0,0.573,-42,-71,0.287,0.48
2,6.5,-16,0,0,0.12,-6,-12,0.111,-1.145
3,12.35,-23,0,-0.5,0.002,-22,-30,4.973,2.44
2,48.71,0,-1,0,-0.032,-21,-23,-0.732,1.408333333
1,74.55,49,-0.5,1,0.713,45,66,-1.897,1.72
3,63.24,-12,0,0,-0.493,-31,-35,1.031,5.2
1,27.9,-76,0,-1,-0.384,-68,-108,3.598,2.4
2,0,-4,0.5,0,0.145,19,13,-0.2,0.2
3,79.6,-92,0,-1,-0.264,-74,-120,1.416,0.4
1,20.3,2,0,0,-0.375,-12,-15,0.735,0.4
4,83.83,13,2,0,0.255,44,61,-0.346,-0.233333333
2,2.36,-1,1,0,0.208,5,7,-0.086,3.1
1,73.82,14,0,0,0.115,19,57,-1.427,-0.3
2,8.61,71,1,1.5,0.85,72,111,-4.405,-2.3
2,44.83,16,0,1,0.262,11,15,-1.24,0.2
3,53.71,27,0,0,-0.199,21,42,-0.379,1.87
2,22.36,14,0,0,0.115,19,57,3.506,3.4
1,75.2,55,1,0,-0.45,55,94,0.214,-0.173333333
1,38,-56,0,0,-0.442,-76,-130,3.381,-0.17
3,76.23,-48,-1,-1,-0.852,-50,-81,0.596,-2.7
2,6.7,-58,1,0,0.573,-42,-71,-1.817,2.5
1,10.7,-56,0,0,-0.442,-76,-130,5.074,2.1
1,62.73,28,-1,0,-0.407,16,36,-0.187,-0.3
1,83.76,32,-0.5,0,0.064,19,37,2.595,1
1,55.44,57,0,0,-0.365,47,77,-0.333,0.4
1,22.96,28,1,0,-0.251,34,52,-2.874,2.13
1,0.13,14,0,0,0.118,19,23,-0.811,-0.346666667
4,0.43,-42,0,0,-0.327,-57,-73,2.713,4.4
2,5.53,14,0,0,0.118,19,20,1.186,2.7
2,32.63,16,0,0,0.232,34,32,-5.333,-2.48
1,23.33,-57,-1,0,0.333,-68,-100,1.71,1.03
4,0.07,-16,0.5,0,-0.321,-13,-24,-1.854,1.91
2,36.97,-42,0,0,-0.327,-57,-73,2.169,1.5
3,105.6,-18,0,0,0.205,0,-23,-0.563,0.25
1,66.98,42,-1,0,-0.316,36,58,-0.196,-0.4
3,39.07,13,2,0,0.255,44,61,-0.287,1.313333333
1,5.38,39,0,0.5,-0.122,28,42,0.652,-0.01
2,0.35,-1,1,0,0.208,5,7,2.719,4.9
3,78.78,30,0,0,-0.142,25,70,-0.482,-0.5
2,0.49,-14,0,0,-0.118,-19,-20,2.861,0.5
2,0.11,-42,0,0,-0.327,-57,-73,3.995,4.7
2,5.53,32,0,0,-0.087,19,43,-0.151,1.05
1,4.38,-71,-1,0,0.218,-87,-157,5.743,3.19
1,22.79,-23,0,-0.5,0.002,-22,-30,-0.084,1.1
2,0,-42,0,0,-0.327,-57,-73,3.881,4.205
2,0,99,1,0,-0.501,100,186,3.673,1.85E-17
2,40.7,-42,0,0,-0.327,-57,-73,4.381,2.12
3,56.4,-66,-0.5,-0.5,0.451,-51,-84,2.683,1.85
4,0,-28,0,0,-0.209,-38,-50,-0.495,0.445
1,73.55,-1,1,0,0.208,5,6,-0.621,-0.09
2,7.94,38,0.5,0.5,-0.66,13,34,7.197,1.8
1,4.61,-2,0,0,0.375,12,15,-0.952,1.4
2,15.35,2,0,0,-0.375,-12,-15,1.948,5
1,66.87,1,-1,0,-0.208,-5,-7,-0.075,-0.5
2,3.96,-43,0,0,0.38,-29,-46,1.617,2.89
4,101.22,-14,-1,0,-0.047,-39,-54,0.265,0
2,67.29,-85,-1,0,0.616,-81,-129,0.574,1.47
2,1.23,-2,0,0,0.375,12,15,2.591,2.7
2,34.35,-14,0,0,-0.118,-19,-20,0.301,-1.1
3,105.6,-16,-1,0,-0.71,-33,-54,-0.483,-1.6
3,56.4,-9,-0.5,-0.5,0.086,-4,-7,1.109,1.6
2,22.42,-76,0,-1,-0.384,-68,-108,5.129,2.14
2,44.88,-1,1,0,0.208,5,6,-0.741,-1.098333333
2,0,-14,0,0,-0.118,-19,-20,2.037,0.3
1,14.35,-40,-0.5,-0.5,0.546,-28,-46,0.153,-1.25
2,19.71,-1,1,0,0.208,5,7,-0.069,2.5
3,94.49,-42,0,0,-0.327,-57,-73,0.718,0.03
4,48.09,-2,0,0,0.375,12,15,0.036,0
4,72.93,29,1,0,-0.542,30,50,-0.714,2.365
2,49.51,-14,0,0,-0.118,-19,-23,0.486,1.3
3,93.59,-28,1,0,0.407,-16,-36,0.004,0.4
1,65.83,-58,1,0,0.573,-42,-71,0.698,0.2
1,1.03,-14,0,0,-0.118,-19,-23,0.599,1.145
2,42.15,3,-1,0,0.455,-11,-7,-1.032,-0.15
4,11.68,-27,0,0,0.123,-23,-33,3.59,2.3
3,19.18,-14,0,0,-0.091,-20,-22,1.343,-0.38
3,44.45,27,0,0,-0.123,23,33,0.518,0
1,0,42,0,0,0.327,57,70,-1.978,-1.8
2,2.43,-12,0,0,-0.493,-31,-38,3.701,7.4
3,27.92,-32,0.5,0,-0.064,-19,-37,-1.855,-0.48
4,87.44,32,1,1,0.972,44,69,-1.037,0.1
1,35.24,-16,0,0,0.12,-6,-12,-0.082,-1.32
2,50.68,2,0,0,-0.375,-12,-15,0.506,1.03
2,4.92,-10,-0.5,0,-0.263,-38,-33,5.951,4.1
2,36.51,-99,-1,0,0.501,-100,-186,3.799,2.5
4,102.46,-1,2,0,0.24,26,29,-0.091,0.478333333
4,59.42,-1,1,0,0.208,5,6,-0.214,0.326666667
1,56.62,-92,0,-1,-0.264,-74,-120,4.046,2.13
1,52.02,9,-0.5,0.5,-0.118,-17,-16,0.235,0.1
3,28.48,-30,0,0,0.166,-26,-35,0.524,2.05
1,18.3,-16,0,0,0.12,-6,-12,-0.393,0.41
3,0.25,14,0,0,0.115,19,57,2.735,2.1
1,64.17,9,-0.5,0.5,-0.118,-17,-16,-0.06,0.4
3,63.24,-14,0,0,-0.118,-19,-20,0.642,3.5
3,76.23,-35,0,-1,-0.629,-27,-43,-0.261,-1.4
2,6.69,-92,0,-1,-0.264,-74,-120,4.696,1.1
4,0.94,-44,0,0,0.051,-45,-92,4.169,1.99
1,67.13,-71,0,0,0.25,-66,-134,1.05,-0.22
1,75.2,-44,0,0,0.051,-45,-92,1.716,1.66
4,33.95,1,-1,0,-0.208,-5,-7,-0.857,1.6
3,8.33,-1,1,0,0.208,5,7,-1.124,1.9
1,0,-30,0,0,0.166,-26,-35,1.164,2.4
2,21.25,-42,0,0,-0.327,-57,-70,3.057,2.37
4,62.11,-1,2,0,0.24,26,29,-0.186,0.16
2,42.15,9,-0.5,0.5,-0.118,-17,-16,-0.976,1.25
1,62.72,-60,0,0,-0.122,-57,-93,0.906,1.7
1,36.12,-30,0,0,0.166,-26,-35,-0.087,0.1
1,22.13,-14,0,0,-0.091,-20,-22,-0.029,-0.18
3,51.51,-57,0,0,0.365,-47,-77,0.754,0.2
2,43.15,50,0,1,-0.063,17,50,-1.045,-1
3,0.5,-19,1,-1,-0.717,0,-8,10.791,1.4
2,40.34,2,0,0,-0.375,-12,-15,1.385,0.225
2,4.92,0,0,0,0,0,3,1.549,1.9
3,81.8,-1,2,0,0.24,26,29,-0.386,0.126666667
4,62.84,-22,-1.5,-0.5,-0.137,-27,-45,0.966,1.6
3,51.77,-44,0,0,0.051,-45,-92,0.825,1.6
3,15.81,-69,-1,0,0.359,-75,-116,2.193,2.72
3,63.24,-42,0,0,-0.327,-57,-70,2.304,7.7
2,26.54,-56,0,0,-0.442,-76,-130,4.762,2.6
2,0.4,39,0,0.5,-0.122,28,42,-2.309,0.29
1,71.42,-16,0,0,0.257,-6,-13,0.146,-0.01
3,21.73,14,0,0,0.115,19,57,9.724,1.8
1,27.62,-44,1,0,0.588,-24,-39,0.534,-0.005
3,1.17,14,0,0,0.118,19,23,0.511,0.095
1,27.91,-28,0,0,-0.209,-38,-50,2.071,1.8
2,0.4,-26,0.5,0,0.637,-23,-34,0.197,-0.01
2,31.39,-34,0,-1,-0.057,-11,-38,2.5,4.25
2,0,58,-1,0,-0.473,43,96,2.625,0.25
3,7.45,-57,0,0,0.365,-47,-77,0.291,0.41
3,53.71,14,-1,0,-0.422,-2,4,2.114,-0.11
1,74.39,-43,0,0,0.38,-29,-46,0.325,-0.32
1,10.7,50,0,1,-0.063,17,47,7.079,2.3
2,38.69,-15,0,0,0.692,10,-7,-1.34,-0.42
2,8.61,-1,1,0,0.208,5,7,-2.001,-1.8
3,15.81,-28,0,0,0.283,-13,-29,1.794,3.13
2,5.53,4,-0.5,0,-0.145,-19,-13,4.861,1.4
1,0,14,0,0,0.091,20,22,0.355,1.6
4,106.66,-16,0,0,0.257,-6,-13,0.58,-0.03
1,50.81,38,0.5,0.5,-0.66,13,34,-1.844,1.365
3,53.71,13,0,0,-0.214,3,11,0.871,1.27
3,36.61,0,-1,0,-0.032,-21,-23,0.131,0.066666667
1,35.77,16,0,0,-0.12,6,12,0.28,-0.19
2,49.51,-12,0,0,-0.493,-31,-38,1.319,6.6
2,24.41,58,-1,0,-0.573,42,71,0.038,0.29
1,23.89,14,0,0,0.115,19,57,0.484,0.2
1,54.2,-44,1,0,0.588,-24,-39,0.568,-0.41
3,41.17,-14,0,0,-0.091,-20,-22,0.273,0.02
4,8.1,-16,0,0,0.12,-6,-12,-0.341,0
1,0,-14,0,0,-0.118,-19,-23,1.815,1.29
1,63.28,14,0,0,0.115,19,57,-1.057,-0.38
3,48.92,80,0.5,0.5,-0.336,70,141,4.731,2.65
3,53.71,-30,0,0,0.166,-26,-35,1.219,2.286666667
4,4.99,1,-1,0,-0.208,-5,-7,1.307,2.5
2,20.73,-50,0,-1,0.063,-17,-50,3.805,1.18
2,43.14,-28,0,0,-0.209,-38,-50,0.885,0.26
3,76.23,-26,0.5,-0.5,-0.715,-23,-36,0.688,-1.9
3,53.71,-44,0,0,0.051,-45,-92,1.639,1.27
3,81.45,42,0,0,0.324,57,107,2.058,0.04
4,24.71,-44,1,0,0.588,-24,-39,4.123,3.9
1,82.03,16,0,0,-0.257,6,13,0.929,1.05
2,24.59,-14,0,0,-0.091,-20,-22,-0.041,1.4
1,67.72,43,1,0,-0.943,24,59,2.7,-0.5
3,28.22,-16,0,0,0.12,-6,-12,-0.578,0
3,41.94,0,1,0,0.032,21,23,1.621,-0.3
1,77.72,14,0,0,0.015,18,32,-0.131,-0.1
4,50.89,-27,0,0,0.123,-23,-33,-0.636,-0.275
3,65.72,41,2,0,-0.028,57,90,-0.93,-0.27
3,36.59,-92,0,-1,-0.264,-74,-120,3.38,1.2
3,64.7,-39,0,-0.5,0.122,-28,-42,1.156,0.1
4,37.84,-56,0,0,-0.442,-76,-130,2.839,0.48
3,76.23,-50,0,-1,0.063,-17,-50,-0.572,-1.1
4,21.44,-16,0.5,0,-0.321,-13,-24,-0.756,0.44
3,80.52,-76,0,-1,-0.384,-68,-108,1.188,-0.31
1,2.45,-30,0,0,0.166,-26,-35,-2.96,4.62
1,56.77,-41,0,0,0.108,-41,-64,1.28,0.216666667
2,0,-76,0,-1,-0.384,-68,-108,5.168,6.36
3,51.77,14,-1,0,-0.422,-2,4,1.402,1.2
1,0,14,0,0,0.118,19,23,-0.475,0.26
2,0.4,-72,1,0,0.458,-61,-128,2.658,-0.08
2,51.89,-14,0,0,-0.118,-19,-23,0.113,0.3
3,10.02,-28,0,0,-0.209,-38,-50,2.036,1.135
4,70.75,-26,0,0,-0.095,-23,-38,0.692,0.19
1,0,-18,0,0,0.205,0,-20,2.698,1.38
3,3.74,-16,0,0,0.12,-6,-12,1.052,1.355
2,0.4,-16,1,0,0.9,15,-1,-5.713,-0.44
2,4.88,16,0,0,-0.12,6,12,0.516,-0.33
1,74.55,26,-0.5,0.5,0.715,23,36,-2.348,0.19
2,18.27,-14,0,0,-0.118,-19,-23,2.223,1.1
3,27.2,-56,0,0,-0.442,-76,-127,3.824,4.7
2,39.42,-44,1,0,0.588,-24,-39,1.023,3.6
4,50.18,-26,0,0,-0.095,-23,-38,1.563,1.57
2,68.05,4,-0.5,0,-0.145,-19,-13,3,3.2
3,102.24,-57,-1,0,0.333,-68,-100,0.178,0
2,8.61,14,0,0,0.015,18,32,-0.859,0.3
2,42.36,-1,1,0,0.208,5,6,-0.65,1.36
2,0,-56,0,0,-0.442,-76,-127,6.749,7
2,23.89,-16,0,0,0.257,-6,-13,1.301,0.12
1,27.13,28,-1,0,-0.331,18,26,-0.835,-1.45
3,24.32,-42,0,0,-0.327,-57,-73,2.72,2.1
2,0.4,34,1,1,0.837,32,49,-3.825,0.17
2,0,-14,0,0,-0.118,-19,-23,2.233,1.345
2,0,-42,0,0,-0.327,-57,-70,4.688,2.6
2,25.36,16,0,0,-0.12,6,12,-0.11,0.44
2,7.94,-28,0,0,-0.209,-38,-50,3.803,0.2
3,43.05,-34,-1,-0.5,0.515,-32,-47,4.491,-0.5
1,10.7,2,-1,0,-0.915,-33,-34,5.233,3.2
2,0,-56,0,0,-0.442,-76,-130,7.259,7.4
1,18.92,1,-1,0,-0.208,-5,-7,0.861,2.5
3,8.67,-43,0,0,0.38,-29,-46,1.564,1.9
1,39.38,-13,-2,0,-0.255,-44,-61,0.747,1.3
2,21.25,-14,0,0,-0.118,-19,-20,1.445,0.5
2,36.56,14,0,0,0.118,19,20,-0.159,2.21
3,17.05,-26,0,0,-0.095,-23,-38,2.178,2
2,58.85,1,-1,0,-0.208,-5,-6,0.37,0.05
2,50.68,-42,0,0,-0.324,-57,-107,2.117,2.43
2,44.88,-16,1,0,0.9,15,-1,-1.483,-1.005
2,0.16,43,1,0,-0.943,24,59,8.185,4
4,72.93,64,0,1,0.055,36,70,-1.203,1.315
2,7.94,64,0,1,0.055,36,70,5.635,2.3
4,87.44,71,1,1.5,0.85,72,111,-0.733,0.4
4,87.44,-2,1,0,0.915,33,31,-0.037,0.1
2,21.25,0,0,0,0,0,3,0.722,0.26
2,22.53,42,-1,0,-0.316,36,58,1.751,-0.04
2,18.27,-42,0,0,-0.327,-57,-73,5.349,3.84
1,79.67,-44,1,0,0.588,-24,-39,-0.277,-0.2
4,0,-18,0,0,0.205,0,-23,2.718,2.423333333
2,17.19,-34,0,-1,-0.057,-11,-38,1.433,2.11
2,0,-12,0,0,-0.493,-31,-35,3.044,2.5
2,79,-40,0,0,-0.21,-42,-95,1.416,3.45
4,95.37,-85,-1,0,0.616,-81,-129,-0.381,0
2,80.48,-1,2,0,0.24,26,29,-0.813,0.1
1,26.35,-66,0,-1,-0.169,-51,-82,35.812,0.22
4,64.7,26,0,0,0.095,23,38,-0.782,0.485
3,28.48,-2,0,0,0.375,12,15,2.125,2.31
3,6.41,-16,0.5,0,-0.321,-13,-24,-0.17,0.3
3,41.17,-30,0,0,0.166,-26,-35,-0.155,-0.23
4,0.43,0,0,0,0,0,-3,0.408,0.45
2,23.84,-43,0,0,0.38,-29,-46,2.007,2.2
2,38.57,-2,0,0,0.375,12,15,0.006,0.32
3,8.47,-90,0,-1,-0.499,-87,-165,7.028,4.7
2,0,42,0,0,0.324,57,107,8.545,-0.12
1,56.77,-57,0,0,0.365,-47,-77,0.358,-0.1
3,90.52,-57,-1,0,0.333,-68,-100,0.931,0.4
3,69.03,1,-2,0,-0.24,-26,-29,0.322,-0.2
1,0,-14,0,0,-0.115,-19,-57,1.968,1.09
1,79.39,-1,2,0,0.24,26,29,-1.041,0.14
2,8.61,-2,1,0,0.915,33,34,-2.938,-2.85
3,33.77,14,0,0,0.118,19,23,5.81,1.73
1,46.59,16,-1,0,-0.9,-15,1,1.687,0.19
1,66.87,23,0.5,0.5,-0.071,22,38,1.033,-0.3
2,32.27,-28,0,0,-0.209,-38,-50,1.855,2.1
2,0,10,0.5,0,0.263,38,33,4.997,2.6
2,0.05,-42,0,0,-0.327,-57,-70,6.094,0.13
3,0,16,0,0,-0.257,6,13,-0.395,2.25
2,22.42,-34,0,-1,-0.057,-11,-38,2.714,1.37
2,40.7,-12,0,0,-0.493,-31,-38,3.496,1.34
2,6.5,23,0,0.5,-0.002,22,30,1.311,0.14
2,15.46,-85,-1,0,0.616,-81,-129,0.839,1.8
3,29.34,-99,-1,0,0.501,-100,-186,1.176,0.2
4,0.94,-30,0,0,0.166,-26,-35,1.549,1.25
2,37.2,-16,0,0,0.257,-6,-13,-0.68,0.26
2,2.24,-2,0,0,0.375,12,15,0.019,1.9
4,87.44,-44,1,0,0.588,-24,-39,0.535,-0.3
2,86.66,-58,1,0,0.573,-42,-71,0.236,0.29
2,2.43,18,0,0,-0.205,0,20,2.844,2.15
1,50.72,-15,1,0,0.193,-13,-25,0.92,1.07
2,20.73,-92,0,-1,-0.264,-74,-120,5.813,1.08
3,51.77,-14,0,0,-0.091,-20,-22,-0.101,0.2
2,31.39,-48,0,-1,-0.175,-30,-58,3.464,5
2,0.45,28,0,0,0.209,38,50,5.731,0.133333333
2,5.53,48,0,1,0.175,30,58,1.392,3.15
1,57.35,-12,0,0,-0.493,-31,-38,1.191,2.7
4,69.57,0,-1,0,-0.032,-21,-23,-0.464,0.168333333
3,25.63,-42,0,0,-0.324,-57,-107,3.964,3.24
3,48.7,-43,0,0,0.38,-29,-46,2.695,1.6
3,93.59,-26,0.5,0,0.637,-23,-34,2.138,1.6
4,4.01,26,-0.5,0.5,0.715,23,36,-2.595,-0.25
2,2.61,-26,0,0,-0.095,-23,-38,2.156,3.34
3,35,28,0,0,-0.283,13,29,0.306,-0.2
1,27,14,0,0,0.118,19,23,-2.445,0.5
2,0.4,-58,1,0,0.573,-42,-71,-1.462,0.08
1,56.84,-1,1,0,0.208,5,6,-0.012,0.29
4,109.56,1,-1,0,-0.208,-5,-7,0.724,-0.461666667
1,52.56,-2,0,0,0.375,12,15,-1.97,0.17
1,27.91,2,0,0,-0.375,-12,-15,1.76,2.4
2,7.94,57,1,0,-0.825,43,79,2.345,2.8
4,77.17,-26,0,0,-0.095,-23,-38,1.272,1.76
4,11.68,-43,0,0,0.38,-29,-46,2.678,2.2
2,0,0,0,0,0,0,-3,-0.506,0.3
4,72.01,-16,0,0,0.257,-6,-13,0.37,1.5
2,0,-56,0,0,-0.442,-76,-130,8.89,5.7
2,31.07,-16,0,0,0.12,-6,-12,0.369,-0.01
3,56.4,19,0.5,-0.5,-0.165,30,45,1.412,1.17
1,47.78,-26,0,0,-0.095,-23,-38,1.581,1.3
1,74.41,-85,-1,0,0.616,-81,-129,0.774,0.1
3,43.71,14,0,0,0.115,19,57,15.921,2.3
2,0.05,-42,0,0,-0.327,-57,-70,4.634,3.82
2,58.05,-42,0,0,-0.327,-57,-73,1.731,2.1
2,6.32,-16,0,0,0.12,-6,-12,1.635,0.47
4,46.31,-43,0,0,0.38,-29,-46,0.398,-0.015
1,0,28,0,0,0.209,38,50,6.88,-1.2
3,30.58,-18,0,0,0.205,0,-20,1.715,0
2,0,-28,0,0,-0.209,-38,-50,4.794,4.88
1,0,-44,0,0,0.051,-45,-92,3.7,3.4
3,26.86,-39,0,-0.5,0.122,-28,-42,3.341,1.2
2,0.15,39,0,0.5,-0.122,28,42,-0.415,-0.07
3,58.58,71,0,0,-0.25,66,134,-0.264,0.3
3,6.13,-60,0,-1,-0.641,-62,-95,6.073,2.46
2,16.94,-15,1,0,0.193,-13,-25,0,1.1
2,32.05,-58,1,0,0.573,-42,-71,-0.318,0.17
3,43.58,-85,-1,0,0.616,-81,-129,0.343,0.29
2,3.89,27,0,0,-0.199,21,42,-0.599,1.9
4,56.62,-106,0,-1,-0.379,-93,-177,5.539,4.465
3,56.4,-50,-0.5,-0.5,0.194,-45,-71,2.613,2.28
2,0.4,-1,2,0,0.24,26,29,0.309,-0.2
2,0,34,0,1,0.057,11,38,-2.407,0.205
3,43.86,-1,1,0,0.208,5,7,-0.42,1.4
1,54.2,-58,1,0,0.473,-43,-96,1.605,1.245
2,2.36,-28,1,0,0.331,-18,-26,-0.021,3.2
1,0.25,-60,0,0,-0.122,-57,-93,2.765,2.32
1,55.44,16,0,0,-0.257,6,13,0.461,0.4
1,41.21,-1,2,0,0.24,26,29,-1.298,0.467142857
3,0.85,-16,0.5,0,-0.321,-13,-24,-0.154,-2.8
2,0.07,-14,0,0,-0.091,-20,-22,-0.025,0.27
1,9.92,-10,0.5,-0.5,-0.835,-17,-24,1.37,2.82
2,13.84,-2,0,0,0.375,12,15,-1.566,0
2,10.21,-42,0,0,-0.324,-57,-107,1.488,1.15
3,40.02,-14,0,0,-0.115,-19,-57,1.096,1.88
1,83.76,26,0,0,0.095,23,38,11.169,4.1
2,2.43,-14,0,0,-0.118,-19,-23,1.716,2.55
3,76.53,-26,0,0,-0.095,-23,-38,1.324,0.3
3,4.4,-16,0,0,0.12,-6,-12,0.564,1.45
1,22.79,-49,0.5,-1,-0.713,-45,-66,1.573,0.4
2,11.58,-14,0,0,-0.118,-19,-20,1.328,0.2
4,87.44,-58,1,0,0.473,-43,-96,-1.204,-2
3,0,-42,0,0,-0.327,-57,-70,2.013,3.6
4,28.52,22,1.5,0.5,0.137,27,45,-1.282,1.55
3,76.23,-16,0,0,0.12,-6,-12,0.103,-0.4
3,48.92,30,0,0,-0.142,25,70,4.678,3.2
1,10.7,-26,0,0,-0.584,-51,-60,3.409,1.7
3,22.34,-14,0,0,-0.118,-19,-20,5.25,1.26
2,7.94,-12,0,0,-0.466,-32,-37,4.928,1.9
1,57.85,-16,0,0,0.257,-6,-13,-0.923,-0.34
1,50.72,-1,1,0,0.208,5,6,-0.07,0.47
3,53.71,-4,0,0,0.261,-3,3,8.733,3.08
2,0.4,-30,1,0,0.782,-4,-21,-0.272,-0.14
4,86.68,41,2,0,-0.028,57,90,-4.71,-0.235
3,14.69,-43,0,0,0.38,-29,-46,0.321,3.3
1,56.62,-76,0,-1,-0.521,-68,-107,4.834,2.57
2,51.89,-42,0,0,-0.327,-57,-73,1.322,1.1
3,51.44,-28,0,0,0.283,-13,-29,0.054,0.04
3,53.62,14,0,0,0.115,19,57,2.138,1
4,95.37,-99,-1,0,0.501,-100,-186,0.373,0.22
1,83.76,85,1,0,-0.616,81,129,0.125,0.1
1,83.76,16,0,0,-0.257,6,13,0.609,0.4
3,53.71,-14,0,0,-0.091,-20,-22,0.279,0.22
4,50.2,-58,1,0,0.573,-42,-71,0.15,0.47
3,25.63,-28,0,0,-0.209,-38,-50,2.204,1.51
2,1.65,42,0,0,0.324,57,107,38.231,8.4
1,10.7,0,0,0,0,0,-3,0.041,-0.4
1,43.53,-42,0,0,-0.327,-57,-70,2.86,1.33
3,2.5,-58,1,0,0.473,-43,-96,1.112,2.2
3,105.6,-74,0,0,-0.237,-76,-150,0.379,0.06
1,24.57,26,-0.5,0.5,0.715,23,36,-1.311,-0.07
3,10.76,-42,0,0,-0.327,-57,-73,4.109,3.5
1,47.16,1,-2,0,-0.24,-26,-29,1.179,1.3
3,76.23,-60,-0.5,-1,-0.2,-55,-83,1.925,-2.2
3,24.79,2,0,0,-0.375,-12,-15,1.031,0.5
3,28.35,1,-1,0,-0.208,-5,-7,1.421,1.21
1,0,16,0,0,-0.257,6,13,4.612,1.19
1,0.25,-18,0,0,0.205,0,-23,1.11,-0.15
2,36.56,48,0,1,0.175,30,58,-0.432,5.69
3,86.61,13,2,0,0.255,44,61,0.061,0.463333333
2,44.85,-85,-1,0,0.616,-81,-129,0.951,1.63
3,40.27,-28,0,0,-0.209,-38,-50,2.265,1.47
2,17.19,-76,0,-1,-0.384,-68,-108,5.048,3.84
1,0,57,1,0,-0.333,68,100,8.435,1.4
3,13.67,-85,-1,0,0.616,-81,-129,0.966,1
2,3.62,-39,0,-0.5,0.122,-28,-42,1.723,2.263333333
3,0.13,42,0,0,0.324,57,107,-1.273,-0.5
2,22.36,42,0,0,0.324,57,107,10.028,7.8
1,31.56,-24,-0.5,-0.5,0.778,6,-14,-4.69,-4.95
2,36.39,-57,0,0,0.365,-47,-77,1.999,1
3,4.81,-42,0,0,-0.327,-57,-70,4.234,2.8
1,24.57,-66,-0.5,-0.5,0.451,-51,-84,2.674,2.13
1,38.63,-15,0,0,0.692,10,-4,-0.475,-1
4,75.33,-42,1,0,0.316,-36,-58,-0.743,-0.29
3,100.49,22,1.5,0.5,0.137,27,45,0.254,-1.1
2,66.34,-1,2,0,0.24,26,29,-0.83,0.191666667
3,15.81,-25,-1,0,0.738,-24,-36,-1.309,2.12
1,83.76,42,0,0,0.327,57,70,-0.586,0.3
1,50.06,-31,0,0,0.46,-24,-39,6.616,2.9
2,34.42,-1,1,0,0.208,5,7,-0.71,1
3,7.1,-42,0,0,-0.327,-57,-70,0.949,1.8
2,0.4,-1,1,0,0.208,5,6,-1.815,0.23
1,27.9,-90,0,-1,-0.499,-87,-165,5.533,4.7
2,68.05,2,0,0,-0.375,-12,-15,0.662,3.5
2,66.34,-1,1,0,0.208,5,6,-0.71,-0.203333333
3,24.01,-2,0,0,0.375,12,15,-1.48,1.7
3,80.7,-57,-1,0,0.333,-68,-100,0.034,-0.15
1,31.56,26,-0.5,0.5,0.715,23,36,-0.542,-4.7
3,51.77,13,0,0,-0.214,3,11,0.749,1.1
2,8.61,13,2,0,0.255,44,61,-2.42,-2.3
1,55.47,-41,-1,0,0.076,-62,-87,-0.213,0.29
4,41.55,-30,0,0,0.142,-25,-70,0.5,-0.01
1,30.74,-19,-0.5,0.5,0.165,-30,-45,3.47,2.81
1,0,2,0,0,-0.375,-12,-15,0.689,2.5
1,0.44,2,-1,0,-0.915,-33,-31,6.417,5.7
1,26.79,-58,1,0,0.573,-42,-71,-0.157,1.5
3,31.31,-85,-1,0,0.616,-81,-129,0.978,0.4
2,2.43,34,0,1,0.057,11,35,3.203,1.95
2,51.89,-56,0,0,-0.442,-76,-130,2.179,3.1
4,0,-14,0,0,-0.015,-18,-31,0.989,-1.425
2,59.46,-57,-1,0,0.333,-68,-100,0.87,0.02
4,11.45,-44,1,0,0.588,-24,-39,0.492,6.1
4,75.33,-1,1,0,0.208,5,6,-0.882,-0.051666667
3,73.29,-40,0,0,-0.21,-42,-95,0.41,2.4
4,0,14,0,0,0.091,20,22,1.893,2.8
3,29.13,-28,-1,0,0.251,-34,-52,0.722,2.05
1,43.23,-19,-0.5,0.5,0.165,-30,-45,-0.932,1.44
1,50.81,64,0,1,0.055,36,70,-0.412,1.545
1,10.7,73,0,1.5,-0.065,39,77,2.536,2.8
2,32.27,2,0,0,-0.375,-12,-15,1.949,3.5
3,56.4,-22,-1.5,-0.5,-0.137,-27,-45,2.409,2.56
3,69.52,25,1,0,-0.738,24,36,1.542,-1.75
1,4.83,14,0,0,0.115,19,57,-1.389,-0.4
2,35.59,14,1,0,0.047,39,54,1.05,1.468333333
2,52.65,19,-1,1,0.717,0,8,-1.457,-1.715
1,0,-42,0,0,-0.327,-57,-70,5.059,1.86
3,51.77,-2,0,0,0.375,12,15,2.375,1.5
2,11.56,-76,0,-1,-0.384,-68,-108,5.632,2
1,46.59,24,0.5,0.5,-0.778,-6,14,0.092,-1.39
3,48.92,57,0,0,-0.265,48,103,2.785,2.75
1,10.7,34,0,1,0.057,11,35,4.144,1.1
3,7.44,-14,0,0,-0.115,-19,-57,2.269,1.49
2,39.42,-58,1,0,0.473,-43,-96,-0.907,3.1
2,0,72,-1,0,-0.458,61,128,8.472,0.04
3,53.71,28,-1,0,-0.407,16,36,1.423,0.27
1,1.45,28,0,0,0.209,38,50,0.905,-0.16
4,16.73,-43,0,0,0.38,-29,-46,1.167,0.23
1,78.16,-57,0,0,0.365,-47,-77,0.24,0.02
1,32.89,-39,0,-0.5,0.122,-28,-42,2.619,1.11
4,33.95,-43,0,0,0.38,-29,-46,0.207,1.846666667
1,56.4,-9,0.5,-0.5,0.118,17,16,1.161,1.195
4,0,-16,0,0,0.257,-6,-13,0.433,2.5
4,41.23,-57,-1,0,0.333,-68,-100,1.157,-0.42
1,55.08,-14,0,0,-0.115,-19,-57,0.681,1.5
2,44.88,-1,2,0,0.24,26,29,-0.59,-2.75
2,0,-42,0,0,-0.327,-57,-70,5.541,-0.02
1,32.42,50,0.5,0.5,-0.194,45,71,-0.265,1.1
2,22.53,69,1,0,-0.359,75,116,0.007,-1.58
3,10.76,-14,0,0,-0.118,-19,-23,1.45,1.1
2,40.94,-44,1,0,0.588,-24,-39,2.448,3.41
2,0,56,0,0,0.442,76,127,7.459,0.21
4,13.01,29,1,0,-0.542,30,50,1.136,2.036666667
2,44.83,-18,0,0,0.205,0,-23,-0.4,1.2
4,87.44,13,1,0,0.223,23,38,-0.588,-1.8
3,81.45,99,1,0,-0.501,100,186,0.657,-0.38
1,0,-2,0,0,0.375,12,15,-1.637,-1.86
3,42.29,28,0,0,-0.283,13,29,0.74,0.45
1,0.43,-16,0,0,0.257,-6,-13,-1.479,0.15
4,33.95,-27,0,0,0.123,-23,-33,1.086,1.5
1,47.88,-18,1,0,0.683,-1,-1,5.409,2.7
3,34.05,-42,0,0,-0.327,-57,-73,2.899,1.4
2,0,-14,0,0,-0.118,-19,-23,1.54,0.39
2,0,-42,0,0,-0.327,-57,-73,6.167,3.461666667
2,40.27,-28,0,0,-0.209,-38,-50,2.567,1.2
4,87.44,-18,1,0,0.683,-1,-1,12.701,1.6
2,44.83,-32,0,0,0.087,-19,-43,-1.63,-1.2
2,10.21,15,0,0,-0.589,-9,-4,1.052,0.24
2,0.4,8,1.5,0.5,0.122,9,13,-3.482,-0.33
3,49.66,1,-1,0,-0.208,-5,-7,1.396,2.15
2,0.16,15,1,0,-0.66,11,30,6.106,3.9
1,43.9,-71,-1,0,0.218,-87,-157,3.314,2.32
4,0.43,34,0,1,0.057,11,35,0.872,2.46
1,75.2,-30,0,0,0.166,-26,-35,0.006,0.27
2,0,-42,0,0,-0.327,-57,-70,5.283,1.425
4,41.55,-16,0,0,0.257,-6,-13,-0.571,0.14
3,75.94,19,-1,1,0.717,0,8,-2.22,-2.33
4,87.44,-16,1,0,0.797,14,11,2.834,0.4
1,9.92,-34,0,-1,-0.057,-11,-38,2.245,1.87
2,38.54,-66,-0.5,-0.5,0.451,-51,-84,0.514,-0.2
3,56.4,-23,-0.5,-0.5,0.071,-22,-38,1.178,1.68
3,0.85,-32,0.5,0,-0.064,-19,-37,-1.631,-2.9
3,22.87,58,-1,0,-0.473,43,96,5.494,2.3
1,67.57,-57,-1,0,0.333,-68,-100,1.218,-0.22
3,0,2,0,0,-0.375,-12,-15,3.164,4.4
2,8.61,41,2,0,-0.028,57,90,-0.714,-2.7
4,63.2,-57,-1,0,0.333,-68,-100,-0.188,-0.2
3,60.36,9,0.5,0.5,-0.086,4,7,0.43,0.45
2,89.29,28,0,0,0.209,38,50,0.579,-0.5
3,89.51,-16,0,0,0.257,-6,-13,0.049,0.12
2,13.84,-2,0,0,0.375,12,15,-0.779,0.2
3,8.47,-76,0,-1,-0.384,-68,-108,5.236,4.1
4,84.15,23,0.5,0.5,-0.071,22,38,-0.454,0.38
1,13.7,39,0,0.5,-0.122,28,42,-0.727,-0.035
1,36.99,-2,0,0,0.375,12,15,-1.068,-0.3
2,0,-2,0.5,0,-0.23,7,-2,-1.738,4.6
4,37.84,-42,0,0,-0.327,-57,-73,1.534,0.36
3,28.67,-16,0,0,0.257,-6,-13,-0.458,-0.05
1,31.56,-50,-0.5,-0.5,0.194,-45,-71,-0.436,-4.4
2,61.38,-26,0,0,-0.095,-23,-38,0.891,0.17
3,63.01,-85,-1,0,0.616,-81,-129,-0.098,0.5
2,0.94,-16,0,0,0.257,-6,-13,0.806,1.9
1,0.49,-42,0,0,-0.327,-57,-70,4.99,2.66
2,2.43,-10,-0.5,0,-0.263,-38,-36,5.8,5.25
2,31.08,-1,2,0,0.24,26,29,-0.707,0.336666667
4,50.14,-66,-0.5,-0.5,0.451,-51,-84,1.232,0.12
2,0,30,0,0,-0.142,25,70,-0.969,0.35
1,48.2,-42,1,0,0.316,-36,-58,0.456,1.23
3,0.85,-2,0.5,0,-0.23,7,-2,-2.218,-3.25
2,15.35,4,-0.5,0,-0.145,-19,-13,4.526,4.1
2,44.88,27,2,0,-0.043,39,58,-0.23,-1.723181818
4,64.89,14,1,0,0.047,39,54,0.381,1.06
2,7.94,4,-0.5,0,-0.145,-19,-13,5.35,0.2
3,63.24,0,0,0,0,0,3,1.228,1.4
2,13.9,-106,0,-1,-0.379,-93,-177,8.957,6.6
1,48.2,-58,1,0,0.573,-42,-71,0.422,1.25
2,38.92,-1,2,0,0.24,26,29,-0.353,0.283333333
1,27.13,27,0,0,-0.123,23,33,-0.589,-0.4
1,52.36,-31,-1,0,0.428,-45,-62,-0.012,0
2,0,-48,0,-1,-0.175,-30,-58,4.01,4.55
1,0,-28,0,0,-0.209,-38,-50,2.168,3.4
1,0,30,0,0,-0.166,26,35,1.992,1.5
1,0.43,12,0,0,0.466,32,37,-4.564,0.08
1,0,-42,0,0,-0.327,-57,-70,1.572,4.6
2,1.12,-60,-0.5,-1,-0.2,-55,-83,7.01,0.3
1,0,-39,0,-0.5,0.122,-28,-42,1.785,3.356666667
2,9.23,-39,0,-0.5,0.122,-28,-42,3.181,1.93
4,24.71,-58,1,0,0.473,-43,-96,3.433,2.8
3,8.33,-44,1,0,0.588,-24,-39,-0.384,2.2
1,1.58,-39,0,-0.5,0.122,-28,-42,4.666,3
3,28.48,13,0,0,-0.214,3,11,0.906,1.29
1,5.49,-23,0,-0.5,0.002,-22,-30,0.736,1.17
1,18.3,-106,0,-1,-0.379,-93,-177,6.06,6.4
2,45.68,-1,1,0,0.208,5,6,-0.478,0.25
2,44.38,-32,0,0,0.087,-19,-43,-3.85,0.33
2,9.08,-35,0,-1,-0.629,-27,-43,3.275,2
1,31.99,13,2,0,0.255,44,61,-0.983,-0.06
3,41.82,12,0,0,0.493,31,38,2.098,1.2
2,17.19,-48,0,-1,-0.175,-30,-58,5.147,2.39
3,2.5,-44,1,0,0.588,-24,-39,0.793,3.2
1,10.7,-14,0,0,-0.118,-19,-23,1.262,0.4
1,18.3,-92,0,-1,-0.264,-74,-120,4.167,3.505
1,46.59,43,1,0,-0.943,24,59,0.786,-0.43
2,36.11,4,-0.5,0,-0.145,-19,-13,2.378,2.1
3,28.48,14,-1,0,-0.422,-2,4,1.659,0.08
3,80.13,-85,-1,0,0.616,-81,-129,0.887,0
1,20.65,14,0,0,0.091,20,22,-0.347,-0.41
3,7.1,-56,0,0,-0.442,-76,-127,4.597,3.9
1,39.03,-71,0,0,0.25,-66,-134,2.425,1.6
2,36.34,-36,-0.5,-0.5,0.285,-25,-49,-0.012,0.26
1,36.02,-44,1,0,0.588,-24,-39,-0.9,0.4
2,34.42,-12,0.5,0,0.652,-5,-2,2.213,2.05
3,28.48,-44,0,0,0.051,-45,-92,1.411,1.54
3,47.81,-1,1,0,0.208,5,7,0.255,4.11
1,39.03,-57,0,0,0.365,-47,-77,0.992,0.2
1,3.64,14,0,0,0.118,19,23,-0.58,-0.19
2,0.11,-14,0,0,-0.118,-19,-23,1.959,1.8
1,11.58,2,0,0,-0.375,-12,-15,2.795,1.15
2,0.4,2,1,0,0.695,15,22,-3.159,0.05
3,65.72,13,2,0,0.255,44,61,-0.842,-0.19
1,11.58,-28,0,0,-0.209,-38,-50,2.756,1.45
2,32.05,-1,2,0,0.24,26,29,0.046,0.433333333
4,87.44,14,0,0,0.015,18,32,-0.107,-1
1,0,12,0,0,0.493,31,38,-3.513,-1.37
4,59.42,-1,2,0,0.24,26,29,-0.05,0.148333333
1,83.76,115,0,1.5,0.262,96,150,-1.249,1
1,73.04,36,0.5,0.5,-0.285,25,49,-0.565,2.15
4,49.19,-26,0,0,-0.095,-23,-38,-2.366,1.08
3,28.48,28,-1,0,-0.407,16,36,0.697,0.05
3,22.34,-42,0,0,-0.327,-57,-70,5.194,1.73
3,72.6,16,0,0,-0.257,6,13,0.664,0.13
1,0,34,0,1,0.057,11,35,1.696,1.91
1,43.9,-57,-1,0,0.333,-68,-100,0.893,0.49
3,28.48,27,0,0,-0.199,21,42,-0.064,1.72
4,14.88,30,0,0,-0.166,26,35,2.188,1.65
1,10.48,-39,0,-0.5,0.122,-28,-42,1.956,3.25
2,8.61,32,1,1,0.972,44,69,-6.205,-3
1,10.7,16,-1,0,-0.9,-15,-2,3.445,2
4,0.43,-12,0,0,-0.493,-31,-38,3.709,4.96
3,48.92,99,1,0,-0.501,100,186,3.84,2.42
1,44.48,28,0,0,-0.283,13,29,-0.114,0.5
2,1.65,14,0,0,0.115,19,57,5.978,5.3
2,36.11,2,0,0,-0.375,-12,-15,0.852,1.6
2,5.53,-28,0,0,-0.209,-38,-50,2.827,2.2