SecSt,ASA_pct,delta_MW,delta_Chg,delta_ARM,delta_Hydro,delta_VdwV,delta_SASA,ddG_calc,ddGC
2,2.43,-10,-0.5,0,-0.263,-38,-36,5.8,unstable
3,8.33,-1,1,0,0.208,5,7,-1.124,unstable
2,48.71,0,-1,0,-0.032,-21,-23,-0.732,unstable
3,13.67,-85,-1,0,0.616,-81,-129,0.966,unstable
2,0,-42,0,0,-0.327,-57,-73,6.167,unstable
2,11.58,-12,0,0,-0.493,-31,-35,2.781,unstable
3,56.4,-9,-0.5,-0.5,0.086,-4,-7,1.109,unstable
3,29.13,-28,0,0,0.283,-13,-29,3.08,unstable
3,53.71,-44,0,0,0.051,-45,-92,1.639,unstable
2,38.92,-1,1,0,0.208,5,6,-0.835,unstable
4,87.44,-28,1,0,0.331,-18,-26,0.226,stable
1,10.7,-56,0,0,-0.442,-76,-130,5.074,unstable
2,51.89,-42,0,0,-0.327,-57,-73,1.322,unstable
3,51.77,-2,0,0,0.375,12,15,2.375,unstable
3,56.4,19,0.5,-0.5,-0.165,30,45,1.412,unstable
1,0.43,76,0,1,0.521,68,107,22.055,unstable
2,36.56,-28,0,0,-0.209,-38,-50,2.478,unstable
2,20.73,-92,0,-1,-0.264,-74,-120,5.813,unstable
2,19.71,-1,1,0,0.208,5,7,-0.069,unstable
1,0,14,0,0,0.091,20,22,0.355,unstable
1,0.44,2,-1,0,-0.915,-33,-31,6.417,unstable
4,0,14,0,0,0.091,20,22,1.893,unstable
1,22.79,-73,0,-1.5,0.065,-39,-80,4.707,unstable
3,53.71,13,0,0,-0.214,3,11,0.871,unstable
2,42.36,-1,1,0,0.208,5,6,-0.65,unstable
3,46.71,-28,0,0,-0.209,-38,-50,2.076,unstable
3,43.86,-1,1,0,0.208,5,7,-0.42,unstable
2,1.01,-2,0,0,0.375,12,15,2.047,unstable
2,32.27,-28,0,0,-0.209,-38,-50,1.855,unstable
2,7.94,57,1,0,-0.825,43,79,2.345,unstable
3,10.76,-42,0,0,-0.327,-57,-73,4.109,unstable
1,27.91,-28,0,0,-0.209,-38,-50,2.071,unstable
2,43.15,43,1,0,-0.943,24,59,1.567,unstable
3,22.87,58,-1,0,-0.473,43,96,5.494,unstable
2,0,28,0.5,0,0.058,38,56,0.321,unstable
1,23.33,-57,-1,0,0.333,-68,-100,1.71,unstable
4,0,-18,0,0,0.205,0,-23,2.718,unstable
1,0.25,-18,0,0,0.205,0,-20,3.164,unstable
2,0,-12,0,0,-0.493,-31,-35,3.044,unstable
2,0,-34,0,-1,-0.057,-11,-38,3.331,unstable
1,55.08,-14,0,0,-0.115,-19,-57,0.681,unstable
1,74.55,49,-0.5,1,0.713,45,66,-1.897,unstable
2,22.42,-76,0,-1,-0.384,-68,-108,5.129,unstable
1,0,-14,0,0,-0.115,-19,-57,1.968,unstable
1,27.13,-16,0,0,0.257,-6,-13,0.259,unstable
3,8.47,-76,0,-1,-0.384,-68,-108,5.236,unstable
2,17.19,-48,0,-1,-0.175,-30,-58,5.147,unstable
2,22.36,14,0,0,0.115,19,57,3.506,unstable
1,22.79,-23,0,-0.5,0.002,-22,-30,-0.084,unstable
2,2.43,-42,0,0,-0.327,-57,-73,4.656,unstable
1,0,-42,0,0,-0.327,-57,-70,4.022,unstable
2,2.61,-26,0,0,-0.095,-23,-38,2.156,unstable
4,4.99,1,-1,0,-0.208,-5,-7,1.307,unstable
2,43.15,50,0,1,-0.063,17,50,-1.045,stable
2,44.83,-18,0,0,0.205,0,-23,-0.4,unstable
1,4.38,-71,-1,0,0.218,-87,-157,5.743,unstable
3,23.63,30,0,0,-0.142,25,70,4.708,unstable
2,4.92,-14,0,0,-0.118,-19,-20,3.435,unstable
1,14.4,-34,0,-1,-0.057,-11,-38,2.657,unstable
1,48.2,-72,1,0,0.458,-61,-128,2.415,unstable
1,6.55,-16,0,0,0.12,-6,-12,0.326,stable
1,0,-28,0,0,-0.209,-38,-50,2.168,unstable
4,0.43,34,0,1,0.057,11,35,0.872,unstable
3,34.7,-43,0,0,0.38,-29,-46,3.665,unstable
2,32.27,14,0,0,0.118,19,20,0.735,unstable
1,48.2,-42,1,0,0.316,-36,-58,0.456,unstable
1,56.62,-92,0,-1,-0.264,-74,-120,4.046,unstable
2,68.05,2,0,0,-0.375,-12,-15,0.662,unstable
2,5.53,2,0,0,-0.375,-12,-15,1.908,unstable
2,8.61,71,1,1.5,0.85,72,111,-4.405,stable
3,48.92,44,0,0,-0.051,45,92,8.05,unstable
2,5.53,4,-0.5,0,-0.145,-19,-13,4.861,unstable
1,11.58,-42,0,0,-0.324,-57,-107,5.292,unstable
3,21.73,14,0,0,0.115,19,57,9.724,unstable
3,7.1,-56,0,0,-0.442,-76,-127,4.597,unstable
4,50.18,-26,0,0,-0.095,-23,-38,1.563,unstable
3,28.48,-2,0,0,0.375,12,15,2.125,unstable
2,13.9,-106,0,-1,-0.379,-93,-177,8.957,unstable
1,0,42,0,0,0.327,57,70,-1.978,stable
2,0.11,-14,0,0,-0.118,-19,-23,1.959,unstable
2,79,-40,0,0,-0.21,-42,-95,1.416,unstable
3,15.76,30,0,0,-0.142,25,70,1.801,unstable
3,69.52,25,1,0,-0.738,24,36,1.542,stable
2,1.23,-2,0,0,0.375,12,15,2.591,unstable
1,50.06,-31,0,0,0.46,-24,-39,6.616,unstable
2,44.88,-1,2,0,0.24,26,29,-0.59,stable
3,28.48,13,0,0,-0.214,3,11,0.906,unstable
2,36.97,-42,0,0,-0.327,-57,-73,2.169,unstable
2,50.68,2,0,0,-0.375,-12,-15,0.506,unstable
2,2.36,-44,1,0,0.588,-24,-39,0.536,unstable
2,0,-42,0,0,-0.327,-57,-73,2.274,unstable
3,93.59,-26,0.5,0,0.637,-23,-34,2.138,unstable
1,10.7,50,0,1,-0.063,17,47,7.079,unstable
2,49.51,-12,0,0,-0.493,-31,-38,1.319,unstable
3,73.29,-40,0,0,-0.21,-42,-95,0.41,unstable
